Date,Samples
2019-01-01,0
2019-02-01,142
2019-03-01,94
2019-04-01,134
2019-05-01,410
2019-06-01,403
2019-07-01,496
2019-08-01,583
2019-09-01,647
2019-10-01,951
2019-11-01,1051
2019-12-01,505
2020-01-01,598
2020-02-01,601
2020-03-01,688
2020-04-01,68
2020-05-01,350
2020-06-01,655
2020-07-01,828
2020-08-01,720
2020-09-01,871
2020-10-01,1246
2020-11-01,1161
2020-12-01,749
2021-01-01,796
2021-02-01,840
2021-03-01,1537
2021-04-01,726
2021-05-01,973
2021-06-01,1030
2021-07-01,740
2021-08-01,820
2021-09-01,967
2021-10-01,1428
2021-11-01,1166
2021-12-01,917
2022-01-01,1090
2022-02-01,1266
2022-03-01,1395
2022-04-01,1100
2022-05-01,1540
2022-06-01,1770
2022-07-01,1576
2022-08-01,1589
2022-09-01,1107
2022-10-01,1273
2022-11-01,1484
2022-12-01,790
2023-01-01,1439
2023-02-01,1218
2023-03-01,1829
2023-04-01,1145
2023-05-01,1429
2023-06-01,1442
2023-07-01,1225
2023-08-01,1629
2023-09-01,1248
2023-10-01,1984
2023-11-01,1532
2023-12-01,875
2024-01-01,1571
2024-02-01,1803
2024-03-01,1424
2024-04-01,1931
2024-05-01,1787
2024-06-01,1886
2024-07-01,1485
2024-08-01,1468
2024-09-01,1534
2024-10-01,1712
2024-11-01,1899
2024-12-01,1201
2025-01-01,1609
2025-02-01,1424
2025-03-01,1799
2025-04-01,1679
2025-05-01,2069
2025-06-01,1915
2025-07-01,2216
2025-08-01,1989
2025-09-01,2023
2025-10-01,2019
2025-11-01,1867
2025-12-01,1806
2026-01-01,1627
2026-02-01,1989
2026-03-01,2211
2026-04-01,1953
2026-05-01,1864
2026-06-01,2261
2026-07-01,2549
2026-08-01,1602
2026-09-01,2138